{
  "spApy": 83.61266622744806,
  "pnutLpApy": 616377.9551004136
}